{"route1": [[45.5154113, -73.5759201], [45.5159845, -73.5772051], [45.5163308, -73.5779816], [45.5165084, -73.5783798], [45.5169595, -73.5793912], [45.5180147, -73.5816922], [45.5188854, -73.5836005], [45.5191177, -73.5836734], [45.5191953, -73.5836683], [45.5193159, -73.5835518], [45.5194186, -73.5835426], [45.5195829, -73.5835865], [45.5198066, -73.5833844], [45.5200227, -73.5831893], [45.5201958, -73.5830402], [45.520465, -73.5828085], [45.5209314, -73.5824025], [45.5211342, -73.5822089], [45.5213875, -73.581967], [45.521631, -73.5817432], [45.5218657, -73.5815275], [45.5220884, -73.5813225], [45.5223213, -73.5811135], [45.522545, -73.5809088], [45.5228128, -73.5806522], [45.5228442, -73.580715], [45.5229254, -73.5806628], [45.5238037, -73.5825141], [45.5239349, -73.582813], [45.5240033, -73.5827564], [45.5242806, -73.5825311], [45.5243126, -73.5825993], [45.5244824, -73.5824473], [45.5245308, -73.5824039], [45.5245717, -73.5823683], [45.5249843, -73.5820089], [45.5252518, -73.5817733], [45.5255624, -73.581502], [45.5257358, -73.581346], [45.5259777, -73.5811223], [45.5264537, -73.5806744], [45.5270235, -73.5801347], [45.5273624, -73.5798146], [45.5280067, -73.5792084], [45.5287402, -73.5785265], [45.5292905, -73.5780151], [45.5298074, -73.5775263], [45.5302695, -73.5770767], [45.5308561, -73.576522], [45.5315161, -73.5759008], [45.532176, -73.5752746], [45.5329214, -73.5745709], [45.5335946, -73.5739301], [45.534073, -73.5734886], [45.5345535, -73.5730187], [45.5347548, -73.5734699], [45.5356928, -73.5754348], [45.5361823, -73.5764604]], "route2": [[45.5361823, -73.5764604], [45.5356928, -73.5754348], [45.5347548, -73.5734699], [45.5345535, -73.5730187], [45.534073, -73.5734886], [45.5335946, -73.5739301], [45.5329214, -73.5745709], [45.532176, -73.5752746], [45.5315161, -73.5759008], [45.5308561, -73.576522], [45.5302695, -73.5770767], [45.5298074, -73.5775263], [45.5292905, -73.5780151], [45.5287402, -73.5785265], [45.5280067, -73.5792084], [45.5273624, -73.5798146], [45.5270235, -73.5801347], [45.5264537, -73.5806744], [45.5259777, -73.5811223], [45.5257358, -73.581346], [45.5255624, -73.581502], [45.5252518, -73.5817733], [45.5249843, -73.5820089], [45.5245717, -73.5823683], [45.5245308, -73.5824039], [45.5244824, -73.5824473], [45.5243126, -73.5825993], [45.5242806, -73.5825311], [45.5240033, -73.5827564], [45.5239349, -73.582813], [45.5238037, -73.5825141], [45.5229254, -73.5806628], [45.5228442, -73.580715], [45.5228128, -73.5806522], [45.522545, -73.5809088], [45.5223213, -73.5811135], [45.5220884, -73.5813225], [45.5218657, -73.5815275], [45.521631, -73.5817432], [45.5213875, -73.581967], [45.5211342, -73.5822089], [45.5209314, -73.5824025], [45.520465, -73.5828085], [45.5201958, -73.5830402], [45.5200227, -73.5831893], [45.5198066, -73.5833844], [45.5195829, -73.5835865], [45.5194186, -73.5835426], [45.5193159, -73.5835518], [45.5191953, -73.5836683], [45.5191177, -73.5836734], [45.5188854, -73.5836005], [45.5180147, -73.5816922], [45.5169595, -73.5793912], [45.5165084, -73.5783798], [45.5163308, -73.5779816], [45.5159845, -73.5772051], [45.5154113, -73.5759201]]}